STATE,CONFIRMED INDIAN,DISCHARGED,DEATH,CONFIRMED FORIEGN
Maharashtra,190,25,8,3
Kerala,186,19,1,8
Karnataka,80,5,3,0
Uttar Pradesh,74,11,0,1
Telengana,59,1,1,10
Gujarat,57,1,5,1
Rajasthan,55,3,0,2
Delhi,52,6,2,1
Tamil Nadu,44,4,1,6
Punjab,38,1,1,0
Madhya Pradesh,33,0,2,0
Jammu and Kashmir,31,1,2,0
Andhra Pradesh,19,1,0,0
Haryana,19,17,0,14
West Bengal,19,0,1,0
Ladakh,13,3,0,0
Bihar,11,0,1,0
Andaman and Nicobar Islands,9,0,0,0
Chandigarh,8,0,0,0
Chhattisgarh,7,0,0,0
Uttarakhand,6,2,0,1
Goa,4,0,0,1
Himachal Pradesh,3,0,1,0
Odisha,3,0,0,0
Manipur,1,0,0,0
Mizoram,1,0,0,0
Puducherry,1,0,0,0
