STATE,CONFIRMED,RECOVERED,DEATH,ACTIVE
Maharashtra,248,39,10,199
Kerala,241,20,2,219
Uttar Pradesh,101,17,0,84
Karnataka,98,6,3,89
Delhi,97,6,2,89
Rajasthan,93,3,0,90
Telangana,77,14,8,55
Tamil Nadu,74,6,1,67
Gujarat,73,5,6,62
Madhya Pradesh,66,0,4,62
Jammu and Kashmir,55,1,2,52
Punjab,41,1,4,36
Andhra Pradesh,40,1,0,39
Haryana,39,17,0,22
West Bengal,27,0,3,24
Bihar,16,0,1,15
Ladakh,13,3,0,10
Chandigarh,13,0,0,13
Andaman and Nicobar Islands,10,0,0,10
Chhattisgarh,8,0,0,8
Uttarakhand,7,2,0,5
Goa,5,0,0,5
Himachal Pradesh,3,1,1,1
Odisha,3,0,0,3
Manipur,1,0,0,1
Mizoram,1,0,0,1
Puducherry,1,0,0,1
Jharkhand,1,0,0,1
Arunachal Pradesh,0,0,0,0
Assam,0,0,0,0
Dadra and Nagar Haveli,0,0,0,0
Daman and Diu,0,0,0,0
Lakshadweep,0,0,0,0
Meghalaya,0,0,0,0
Nagaland,0,0,0,0
Sikkim,0,0,0,0
Tripura,0,0,0,0
