STATE,CONFIRMED,RECOVERED,DEATH,ACTIVE
Kerala,234,20,1,213
Maharashtra,220,25,9,186
Karnataka,88,5,3,80
Uttar Pradesh,88,11,0,77
Delhi,72,6,2,64
Telangana,70,1,1,68
Gujarat,70,3,6,61
Rajasthan,69,3,0,66
Tamil Nadu,67,4,1,62
Jammu and Kashmir,49,1,1,47
Madhya Pradesh,47,0,2,45
Punjab,39,1,2,36
Haryana,36,17,0,19
Andhra Pradesh,23,1,0,22
West Bengal,22,0,2,20
Bihar,15,0,1,14
Ladakh,13,3,0,10
Chandigarh,13,0,0,13
Andaman and Nicobar Islands,10,0,0,10
Chhattisgarh,7,0,0,7
Uttarakhand,7,2,0,5
Goa,5,0,0,5
Himachal Pradesh,3,1,1,1
Odisha,3,0,0,3
Manipur,1,0,0,1
Mizoram,1,0,0,1
Puducherry,1,0,0,1
Arunachal Pradesh,0,0,0,0
Assam,0,0,0,0
Dadra and Nagar Haveli,0,0,0,0
Daman and Diu,0,0,0,0
Jharkhand,0,0,0,0
Lakshadweep,0,0,0,0
Meghalaya,0,0,0,0
Nagaland,0,0,0,0
Sikkim,0,0,0,0
Tripura,0,0,0,0
